Name,Phone Number,Address,Website,Email
405 Media Group,(866) 204-1010,"3100 W Lake St #350, Minneapolis, MN 55416, USA",http://www.405mediagroup.com,
Street Factory Media,(612) 235-3426,"2942 Pleasant Ave, Minneapolis, MN 55408, USA",http://www.streetfactorymedia.com/,
AAV Digital Marketing,(612) 998-7062,"3105 Pleasant Ave, Minneapolis, MN 55405, USA",https://www.aavdigitalmarketing.co/socialmediamanagementminneapolis,info@aavdigitalmarketing.co
Agency Jet,(612) 888-2538,"144 Glenwood Ave, Minneapolis, MN 55405, USA",https://www.agencyjet.com/?utm_source=gmb&utm_medium=organic&utm_campaign=gmb-listing,
Hook Agency,(612) 772-9555,"600 N Washington Ave Suite C203, Minneapolis, MN 55401, USA",https://hookagency.com/?utm_source=gmb,sydnee@hookagency.com
ProWeb365,(612) 590-8080,"2727 Nicollet Ave Ste #5, Minneapolis, MN 55408, USA",https://www.proweb365.com/,
NATIV3,(612) 416-0800,"400 Cedar Lake Rd S, Minneapolis, MN 55405, USA",https://www.nativ3.io/,
Evology,(612) 823-8577,"1600 W Lake St #127, Minneapolis, MN 55408, USA",https://evologycreative.com/,
SixSpeed,(952) 767-3464,"4828 W 35th St, Minneapolis, MN 55416, USA",http://www.sixspeed.com/,info@sixspeed.com
The Guerrilla Agency,(612) 540-0615,"34 13th Ave NE Suite 104A, Minneapolis, MN 55413, USA",https://theguerrilla.agency/,
Integra Marketing Agency,(612) 254-9010,"4510 W 77th St #130, Minneapolis, MN 55435, USA",https://www.integramarketingagency.com/,info@integramarketingagency.com
Prospectr Marketing,(612) 801-7769,"290 Market St UNIT 709, Minneapolis, MN 55405, USA",http://www.prospectrmarketing.com/,Businesstravis@prospectrs.com
Edition Studios,(612) 254-2694,"729 N Washington Ave #600, Minneapolis, MN 55401, USA",http://www.editionstudios.com/,hello@editionstudios.com  
Voom Creative,(612) 296-6675,"711 Hennepin Ave #311, Minneapolis, MN 55403, USA",http://voomcreative.com/,hello@voomcreative.com
UNO Branding,(612) 874-1920,"111 E Franklin Ave APT 101, Minneapolis, MN 55404, USA",http://www.unobranding.com/,info@unobranding.com
O8,(612) 276-5880,"30 S 9th St 7th floor, Minneapolis, MN 55402, USA",https://www.o8.agency/,
PSM Marketing,(651) 295-5544,"1858 Goodrich Ave, St Paul, MN 55105, USA",https://www.psm-marketing.com/,Terrie@PSM-Marketing.com
Snap Agency,(763) 951-1172,"1200 Ford Rd, Minnetonka, MN 55305, USA",https://www.snapagency.com/,
Rocket55,(612) 315-2399,"807 Broadway St NE #170, Minneapolis, MN 55413, USA",https://www.rocket55.com/?utm_source=GMB&utm_medium=referral&utm_campaign=click,info@rocket55.com
Brandography,(612) 460-0016,"1000 Shelard Pkwy Suite 450, St Louis Park, MN 55426, USA",https://www.brandography.com/,info@brandography.com
Persuasion Arts & Sciences,(612) 928-0626,"16 W 26th St #200, Minneapolis, MN 55404, USA",http://persuasionism.com/,dion@persuasionusa.comS
Fresh Coast Collective,(612) 354-7461,"2519 27th Ave S, Minneapolis, MN 55406, USA",http://freshcoastcollective.com/,info@freshcoastcollective.com
Rocket Road Marketing Agency,(763) 301-0343,"5445 S 28th Ave, Minneapolis, MN 55417, USA",https://www.rocketroad.agency/?utm_source=gmb&utm_medium=organic,Hello@RocketRoad.agency
Ovative Group,(612) 886-1010,"729 N Washington Ave floor 10, Minneapolis, MN 55401, USA",https://ovative.com/,
Plaudit Design,(651) 646-0696,"2470 University Ave W, St Paul, MN 55114, USA",https://www.plaudit.com/,sales@plaudit.com
MSPC,(612) 339-7571,"953 Westgate Dr Suite 107, St Paul, MN 55114, USA",https://mspcagency.com/,
The Divine Group,(612) 978-1085,"3401 40th Ave S, Minneapolis, MN 55406, USA",http://www.thedivinegroup.co/,angela@thedivinegroup.co
Uproer,(612) 567-7637,"2550 University Ave W STE 460S, St Paul, MN 55114, USA",https://uproer.com/,
Triton Commerce,(651) 321-0578,"1101 E 78th St Suite 301, Minneapolis, MN 55420, USA",https://www.tritoncommerce.com/minneapolis/,
"KNOCK, inc.",(612) 333-6511,"1307 Glenwood Ave, Minneapolis, MN 55405, USA",https://knockinc.com/,
DigitalParc,(612) 845-5590,"15 S 5th St #616C, Minneapolis, MN 55402, USA",https://www.digitalparc.com/,hello@digitalparc.com
Carmichael Lynch,(612) 334-6000,"110 N 5th St, Minneapolis, MN 55403, USA",http://www.carmichaellynch.com/,hello@clynch.com
Strother Communications Group,(612) 288-2401,"222 S 9th St, Minneapolis, MN 55402, USA",https://strothercommunications.group/,patricks@scgpr.com
Morsekode,(612) 333-5633,"333 S 7th St #100, Minneapolis, MN 55402, USA",http://morsekode.com/,
Romain Berg,(612) 371-2030,"80 S 8th St Suite 900, Minneapolis, MN 55402, USA",https://www.romainberg.com/,
Periscope,(612) 399-0500,"921 S Washington Ave, Minneapolis, MN 55415, USA",https://www.periscope.com/,newbusiness@periscope.com
Olive & Company,(612) 379-3090,"125 SE Main St #343, Minneapolis, MN 55414, USA",http://oliveandcompany.com/,
Sharp Creative,(612) 460-8110,"105 S 5th Ave #513, Minneapolis, MN 55401, USA",http://sharpcreative.net/,Strategist612.242.3957ben@sharpcreative.comG
Digital Flyers- Tech Lounge,(651) 528-8596,"2428 University Ave W, St Paul, MN 55114, USA",http://digitalflyers.com/,Info@digitalflyers.com
IN Food Marketing & Design,(612) 353-3400,"600 N Washington Ave c101, Minneapolis, MN 55401, USA",http://infoodmarketing.com/,
Media Bridge Advertising,(612) 353-6077,"212 N 3rd Ave #140, Minneapolis, MN 55401, USA",http://www.mediabridgeadvertising.com/,hello@mediabridgeadvertising.com
ICF Next,(612) 215-9800,"420 N 5th St Suite 1000, Minneapolis, MN 55402, USA",https://www.icf.com/next,careers@icfnext.com
FRWD @ Bain & Company,(612) 235-5030,"800 N Washington Ave, Minneapolis, MN 55401, USA",https://www.frwd.com/,
"Bullseye Media, LLC",(612) 339-2169,"322 N 1st Ave Ste 500, Minneapolis, MN 55401, USA",http://bmediallc.com/,bullseye@bmediallc.com
WebFX,(612) 360-2815,"121 N Washington Ave #9500, Minneapolis, MN 55401, USA",https://www.webfx.com/locations/minneapolis-mn/?utm_source=GMBlisting&utm_medium=organic,
Kazoo Branding,(612) 378-7050,"201 6th St SE #110, Minneapolis, MN 55414, USA",https://www.kazoobranding.com/,hello@kazoobranding.com
Collective Measures,(612) 392-2427,"100 S 5th St UNIT 2000, Minneapolis, MN 55402, USA",https://www.collectivemeasures.com/,info@collectivemeasures.com
Augurian,(612) 354-4516,"945 Broadway St NE Suite #200, Minneapolis, MN 55413, USA",https://augurian.com/,
Risdall Marketing Group,(651) 286-6700,"3001 Broadway St NE #185, Minneapolis, MN 55413, USA",https://www.risdall.com/,
InterActive Circle,(612) 238-1466,"1400 Van Buren St NE #200, Minneapolis, MN 55413, USA",https://www.iacircle.com/,info@iacircle.com
broadhead.,(612) 623-8000,"411 N Washington Ave Suite 500, Minneapolis, MN 55401, USA",https://broadheadco.com/,
Capsule,(612) 341-4525,"1220 Marshall St NE, Minneapolis, MN 55413, USA",http://www.capsule.us/,info@capsule.us
Hilo Digital Marketing,,"1601 67th Ave N Suite A, Minneapolis, MN 55430, USA",https://hiloppc.com/,hiloppc@gmail.com
DemandQuest Digital Marketing Institute,(612) 460-8770,"2112 Broadway St NE #230, Minneapolis, MN 55413, USA",http://demandquest.com/,
Eland Consulting | SEO & Web Design,(612) 787-2179,"1405 Lilac Dr N Ste 160J, Golden Valley, MN 55422, USA",https://elandconsulting.com/?utm_source=google&utm_medium=organic&utm_campaign=gmb,info@elandconsulting.com
Paperboy Marketing,(612) 702-1710,"3515 48th Ave N, Brooklyn Center, MN 55429, USA",http://www.paperboymarketing.com/,
Portkey SEO Solutions,(612) 203-6612,"2817 Anthony Ln S Suite 201, Minneapolis, MN 55418, USA",https://portkeyseominneapolis.com/,info@portkeyseo.com
Fractional Marketing LLC - SEO For Businesses Scaling To $500MM,(763) 439-2221,"1229 Tyler St NE UNIT 110, Minneapolis, MN 55413, USA",http://www.scalewithfractional.com/,info@scalewithfractional.com
